"","phase","group","hc_head_ers","yvar","SE","df","LCL","UCL","tvar","xvar"
"1","acquisition","healthy",-0.3,-0.043568223662914,0.0458826616388487,Inf,-0.133496587989895,0.0463601406640669,"acquisition healthy",-0.3
"2","extinction","healthy",-0.3,-0.0793612710681972,0.0480200105381969,Inf,-0.173478762260297,0.0147562201239025,"extinction healthy",-0.3
"3","acquisition","ptsd",-0.3,-0.0740990924135283,0.0466784055018635,Inf,-0.165587086052937,0.0173889012258804,"acquisition ptsd",-0.3
"4","extinction","ptsd",-0.3,0.000686975137158597,0.0469912542298432,Inf,-0.0914141907416995,0.0927881410160167,"extinction ptsd",-0.3
"5","acquisition","healthy",-0.29,-0.042975094013262,0.045727876294962,Inf,-0.13260008464089,0.0466498966143664,"acquisition healthy",-0.29
"6","extinction","healthy",-0.29,-0.0772261363180943,0.0477848448143208,Inf,-0.170882711160999,0.0164304385248099,"extinction healthy",-0.29
"7","acquisition","ptsd",-0.29,-0.073550609579819,0.046485572561073,Inf,-0.164660657600245,0.0175594384406075,"acquisition ptsd",-0.29
"8","extinction","ptsd",-0.29,0.00106040539366502,0.0467730329008072,Inf,-0.0906130545396241,0.0927338653269541,"extinction ptsd",-0.29
"9","acquisition","healthy",-0.28,-0.0423819643636099,0.0455778596443523,Inf,-0.131712927758962,0.0469489990317421,"acquisition healthy",-0.28
"10","extinction","healthy",-0.28,-0.0750910015679915,0.0475551083204006,Inf,-0.168297301156878,0.0181152980208947,"extinction healthy",-0.28
"11","acquisition","ptsd",-0.28,-0.0730021267461096,0.046298161539778,Inf,-0.163744855914492,0.0177406024222728,"acquisition ptsd",-0.28
"12","extinction","ptsd",-0.28,0.00143383565017143,0.0465611775256865,Inf,-0.0898243953779498,0.0926920666782927,"extinction ptsd",-0.28
"13","acquisition","healthy",-0.27,-0.0417888347139579,0.0454326589250933,Inf,-0.130835209929033,0.0472575405011172,"acquisition healthy",-0.27
"14","extinction","healthy",-0.27,-0.0729558668178886,0.0473308801143342,Inf,-0.165722687198567,0.0198109535627895,"extinction healthy",-0.27
"15","acquisition","ptsd",-0.27,-0.0724536439124003,0.0461162385401736,Inf,-0.162839810553598,0.0179325227287978,"acquisition ptsd",-0.27
"16","extinction","ptsd",-0.27,0.00180726590667785,0.0463557753856976,Inf,-0.0890483843247177,0.0926629161380734,"extinction ptsd",-0.27
"17","acquisition","healthy",-0.26,-0.0411957050643058,0.0452923204547758,Inf,-0.129967021931913,0.0475756118033016,"acquisition healthy",-0.26
"18","extinction","healthy",-0.26,-0.0708207320677858,0.0471122388454005,Inf,-0.16315902343582,0.021517559300248,"extinction healthy",-0.26
"19","acquisition","ptsd",-0.26,-0.071905161078691,0.0459398687604047,Inf,-0.161945649303581,0.018135327146199,"acquisition ptsd",-0.26
"20","extinction","ptsd",-0.26,0.00218069616318426,0.0461569126332368,Inf,-0.0882851902355218,0.0926465825618903,"extinction ptsd",-0.26
"21","acquisition","healthy",-0.25,-0.0406025754146537,0.0451568895660784,Inf,-0.12910845261802,0.0479033017887125,"acquisition healthy",-0.25
"22","extinction","healthy",-0.25,-0.0686855973176829,0.0468992626514616,Inf,-0.160606463016032,0.0232352683806662,"extinction healthy",-0.25
"23","acquisition","ptsd",-0.25,-0.0713566782449817,0.0457691163979647,Inf,-0.161062497989214,0.0183491414992507,"acquisition ptsd",-0.25
"24","extinction","ptsd",-0.25,0.00255412641969068,0.0459646741449076,Inf,-0.0875349794654475,0.0926432323048289,"extinction ptsd",-0.25
"25","acquisition","healthy",-0.24,-0.0400094457650017,0.0450264105422424,Inf,-0.128259588780911,0.0482406972509081,"acquisition healthy",-0.24
"26","extinction","healthy",-0.24,-0.06655046256758,0.046692029052844,Inf,-0.158065157876252,0.024964232741092,"extinction healthy",-0.24
"27","acquisition","ptsd",-0.24,-0.0708081954112723,0.0456040445517268,Inf,-0.160190480282017,0.0185740894594722,"acquisition ptsd",-0.24
"28","extinction","ptsd",-0.24,0.0029275566761971,0.0457791433717918,Inf,-0.0867979155756103,0.0926530289280045,"extinction ptsd",-0.24
"29","acquisition","healthy",-0.23,-0.0394163161153496,0.0449009265526311,Inf,-0.127420515030985,0.0485878828002856,"acquisition healthy",-0.23
"30","extinction","healthy",-0.23,-0.0644153278174772,0.0464906148430907,Inf,-0.155535258529058,0.0267046028941039,"extinction healthy",-0.23
"31","acquisition","ptsd",-0.23,-0.070259712577563,0.0454447151228779,Inf,-0.159329717506086,0.0188102923509605,"acquisition ptsd",-0.23
"32","extinction","ptsd",-0.23,0.00330098693270352,0.0456004021874244,Inf,-0.0860741590351897,0.0926761329005968,"extinction ptsd",-0.23
"33","acquisition","healthy",-0.22,-0.0388231864656976,0.0447804795885624,Inf,-0.126591313669711,0.0489449407383157,"acquisition healthy",-0.22
"34","extinction","healthy",-0.22,-0.0622801930673743,0.0462950959768065,Inf,-0.15301691384274,0.0284565277079916,"extinction healthy",-0.22
"35","acquisition","ptsd",-0.22,-0.0697112297438537,0.0452911887150403,Inf,-0.15848032844234,0.0190578689546322,"acquisition ptsd",-0.22
"36","extinction","ptsd",-0.22,0.00367441718920994,0.0454285307339662,Inf,-0.0853638669199347,0.0927127012983545,"extinction ptsd",-0.22
"37","acquisition","healthy",-0.21,-0.0382300568160455,0.0446651103996081,Inf,-0.125772064564783,0.0493119509326918,"acquisition healthy",-0.21
"38","extinction","healthy",-0.21,-0.0601450583172715,0.0461055474548452,Inf,-0.15051027081627,0.0302201541817274,"extinction healthy",-0.21
"39","acquisition","ptsd",-0.21,-0.0691627469101443,0.0451435245338849,Inf,-0.157642429131759,0.0193169353114703,"acquisition ptsd",-0.21
"40","extinction","ptsd",-0.21,0.00404784744571636,0.0452636072671105,Inf,-0.0846671926081856,0.0927628874996184,"extinction ptsd",-0.21
"41","acquisition","healthy",-0.2,-0.0376369271663934,0.0445548584305614,Inf,-0.124962845026575,0.0496889906937878,"acquisition healthy",-0.2
"42","extinction","healthy",-0.2,-0.0580099235671686,0.0459220432071175,Inf,-0.148015474349611,0.0319956272152738,"extinction healthy",-0.2
"43","acquisition","ptsd",-0.2,-0.068614264076435,0.0450017802865592,Inf,-0.156816132678276,0.0195876045254056,"acquisition ptsd",-0.2
"44","extinction","ptsd",-0.2,0.00442127770222277,0.045105708000294,Inf,-0.0839842854755336,0.0928268408799792,"extinction ptsd",-0.2
"45","acquisition","healthy",-0.19,-0.0370437975167414,0.044449761759274,Inf,-0.124163729686304,0.0500761346528214,"acquisition healthy",-0.19
"46","extinction","healthy",-0.19,-0.0558747888170658,0.0457446559733253,Inf,-0.145532667009958,0.0337830893758268,"extinction healthy",-0.19
"47","acquisition","ptsd",-0.19,-0.0680657812427257,0.0448660120812653,Inf,-0.156001549051945,0.0198699865664932,"acquisition ptsd",-0.19
"48","extinction","ptsd",-0.19,0.00479470795872919,0.044954906948815,Inf,-0.0833152905892976,0.092904706506756,"extinction ptsd",-0.19
"49","acquisition","healthy",-0.18,-0.0364506678670893,0.0443498570355725,Inf,-0.123374790376312,0.0504734546421331,"acquisition healthy",-0.18
"50","extinction","healthy",-0.18,-0.0537396540669629,0.0455734571819555,Inf,-0.143061988794574,0.0355826806606482,"extinction healthy",-0.18
"51","acquisition","ptsd",-0.18,-0.0675172984090164,0.0447362743273392,Inf,-0.155198784893105,0.0201641880750723,"acquisition ptsd",-0.18
"52","extinction","ptsd",-0.18,0.00516813821523561,0.0448112757744934,Inf,-0.0826603484040637,0.0929966248345349,"extinction ptsd",-0.18
"53","acquisition","healthy",-0.17,-0.0358575382174373,0.044255179421463,Inf,-0.122596096012863,0.0508810195779884,"acquisition healthy",-0.17
"54","extinction","healthy",-0.17,-0.0516045193168601,0.0454085168278961,Inf,-0.140603576890917,0.0373945382571973,"extinction healthy",-0.17
"55","acquisition","ptsd",-0.17,-0.066968815575307,0.0446126196361956,Inf,-0.154407943318235,0.0204703121676208,"acquisition ptsd",-0.17
"56","extinction","ptsd",-0.17,0.00554156847174202,0.0446748836315334,Inf,-0.0820195944595813,0.0931027314030654,"extinction ptsd",-0.17
"57","acquisition","healthy",-0.16,-0.0352644085677852,0.0441657625328342,Inf,-0.121827712481889,0.0512988953463184,"acquisition healthy",-0.16
"58","extinction","healthy",-0.16,-0.0494693845667572,0.0452499033490597,Inf,-0.138157565434833,0.0392187963013181,"extinction healthy",-0.16
"59","acquisition","ptsd",-0.16,-0.0664203327415977,0.044495098723511,Inf,-0.153629123728233,0.020788458245038,"acquisition ptsd",-0.16
"60","extinction","ptsd",-0.16,0.00591499872824844,0.0445457970142712,Inf,-0.081393159082355,0.0932231565388519,"extinction ptsd",-0.16
"61","acquisition","healthy",-0.15,-0.0346712789181331,0.0440816383828707,Inf,-0.121069702528078,0.051727144691812,"acquisition healthy",-0.15
"62","extinction","healthy",-0.15,-0.0473342498166544,0.0450976835024295,Inf,-0.135724085267602,0.0410555856342935,"extinction healthy",-0.15
"63","acquisition","ptsd",-0.15,-0.0658718499078884,0.0443837603130281,Inf,-0.152862421619882,0.0211187218041049,"acquisition ptsd",-0.15
"64","extinction","ptsd",-0.15,0.00628842898475486,0.0444240796075115,Inf,-0.0807811670923079,0.0933580250618176,"extinction ptsd",-0.15
"65","acquisition","healthy",-0.14,-0.0340781492684811,0.0440028373273851,Inf,-0.120322125647731,0.0521658271107685,"acquisition healthy",-0.14
"66","extinction","healthy",-0.14,-0.0451991150665515,0.0449519222399609,Inf,-0.13330326369272,0.0429050335596168,"extinction healthy",-0.14
"67","acquisition","ptsd",-0.14,-0.065323367074179,0.0442786510423689,Inf,-0.152107928401239,0.021461194252881,"acquisition ptsd",-0.14
"68","extinction","ptsd",-0.14,0.00666185924126128,0.0443097921401652,Inf,-0.0801837375159184,0.0935074559984409,"extinction ptsd",-0.14
"69","acquisition","healthy",-0.13,-0.033485019618829,0.0439293880122761,Inf,-0.119585037985776,0.0526149987481178,"acquisition healthy",-0.13
"70","extinction","healthy",-0.13,-0.0430639803164486,0.0448126825847975,Inf,-0.130895224233277,0.0447672636003797,"extinction healthy",-0.13
"71","acquisition","ptsd",-0.13,-0.0647748842404697,0.0441798153712489,Inf,-0.151365731211747,0.0218159627308072,"acquisition ptsd",-0.13
"72","extinction","ptsd",-0.13,0.0070352894977677,0.044202992242913,Inf,-0.0796009833072451,0.0936715623027805,"extinction ptsd",-0.13
"73","acquisition","healthy",-0.12,-0.032891889969177,0.0438613173233153,Inf,-0.118858492237358,0.0530747122990038,"acquisition healthy",-0.12
"74","extinction","healthy",-0.12,-0.0409288455663458,0.0446800255082768,Inf,-0.128500086390899,0.0466423952582077,"extinction healthy",-0.12
"75","acquisition","ptsd",-0.12,-0.0642264014067604,0.0440872954924841,Inf,-0.150635912747804,0.0221831099342835,"acquisition ptsd",-0.12
"76","extinction","ptsd",-0.12,0.00740871975427411,0.0441037343106189,Inf,-0.0790330110782624,0.0938504505868107,"extinction ptsd",-0.12
"77","acquisition","healthy",-0.11,-0.0322987603195249,0.0437986503384599,Inf,-0.118142537554369,0.0535450169153194,"acquisition healthy",-0.11
"78","extinction","healthy",-0.11,-0.0387937108162429,0.0445540098082188,Inf,-0.126117965407196,0.0485305437747102,"extinction healthy",-0.11
"79","acquisition","ptsd",-0.11,-0.0636779185730511,0.0440011312461827,Inf,-0.149918551094589,0.022562713948487,"acquisition ptsd",-0.11
"80","extinction","ptsd",-0.11,0.00778215001078053,0.0440120693702144,Inf,-0.0784799208399181,0.0940442208614792,"extinction ptsd",-0.11
"81","acquisition","healthy",-0.1,-0.0317056306698728,0.0437414102828822,Inf,-0.117437219457312,0.0540259581175663,"acquisition healthy",-0.1
"82","extinction","healthy",-0.1,-0.0366585760661401,0.0444346919890032,Inf,-0.123748972028717,0.0504318198964366,"extinction healthy",-0.1
"83","acquisition","ptsd",-0.1,-0.0631294357393417,0.0439213600375055,Inf,-0.149213719564869,0.0229548480861858,"acquisition ptsd",-0.1
"84","extinction","ptsd",-0.1,0.00815558026728695,0.0439280449547635,Inf,-0.077941805755306,0.0942529662898799,"extinction ptsd",-0.1
"85","acquisition","healthy",-0.09,-0.0311125010202208,0.0436896184868998,Inf,-0.11674257975284,0.0545175777123982,"acquisition healthy",-0.09
"86","extinction","healthy",-0.09,-0.0345234413160372,0.0443221261439525,Inf,-0.121393212276425,0.0523463296443508,"extinction healthy",-0.09
"87","acquisition","ptsd",-0.09,-0.0625809529056324,0.0438480167583756,Inf,-0.148521486545557,0.0233595807342925,"acquisition ptsd",-0.09
"88","extinction","ptsd",-0.09,0.00852901052379336,0.0438517049844033,Inf,-0.0774187519063127,0.0944767729538994,"extinction ptsd",-0.09
"89","acquisition","healthy",-0.08,-0.0305193713705687,0.0436432943469778,Inf,-0.116058656457326,0.0550199137161882,"acquisition healthy",-0.08
"90","extinction","healthy",-0.08,-0.0323883065659344,0.0442163638405447,Inf,-0.119050787220721,0.0542741740888524,"extinction healthy",-0.08
"91","acquisition","ptsd",-0.08,-0.0620324700719231,0.0437811337135027,Inf,-0.147841915352721,0.0237769752088745,"acquisition ptsd",-0.08
"92","extinction","ptsd",-0.08,0.00890244078029978,0.0437830896548293,Inf,-0.0769108380750539,0.0947157196356535,"extinction ptsd",-0.08
"93","acquisition","healthy",-0.07,-0.0299262417209167,0.0436024552899683,Inf,-0.115385483726772,0.0555330002849391,"acquisition healthy",-0.07
"94","extinction","healthy",-0.07,-0.0302531718158315,0.0441174540089811,Inf,-0.116721792763037,0.0562154491313736,"extinction healthy",-0.07
"95","acquisition","ptsd",-0.07,-0.0614839872382137,0.0437207405510774,Inf,-0.147175064095745,0.0242070896193179,"acquisition ptsd",-0.07
"96","extinction","ptsd",-0.07,0.0092758710368062,0.0437222353339666,Inf,-0.0764181355413529,0.0949698776149653,"extinction ptsd",-0.07
"97","acquisition","healthy",-0.06,-0.0293331120712646,0.0435671167407378,Inf,-0.114723091793363,0.0560568676508336,"acquisition healthy",-0.06
"98","extinction","healthy",-0.06,-0.0281180370657287,0.0440254428346362,Inf,-0.114406319425043,0.0581702452935852,"extinction healthy",-0.06
"99","acquisition","ptsd",-0.06,-0.0609355044045044,0.0436668641984728,Inf,-0.146520985551312,0.0246499767423037,"acquisition ptsd",-0.06
"100","extinction","ptsd",-0.06,0.00964930129331262,0.0436691744674313,Inf,-0.0759407078974488,0.0952393104840741,"extinction ptsd",-0.06
"101","acquisition","healthy",-0.05,-0.0287399824216125,0.0435372920933208,Inf,-0.114071506908922,0.0565915420656966,"acquisition healthy",-0.05
"102","extinction","healthy",-0.05,-0.0259829023156258,0.0439403736549112,Inf,-0.112104452146484,0.0601386475152327,"extinction healthy",-0.05
"103","acquisition","ptsd",-0.05,-0.0603870215707951,0.0436195288032701,Inf,-0.145879727047812,0.0251056839062218,"acquisition ptsd",-0.05
"104","extinction","ptsd",-0.05,0.010022731549819,0.0436239354933437,Inf,-0.0754786108810331,0.0955240739806712,"extinction ptsd",-0.05
"105","acquisition","healthy",-0.04,-0.0281468527719605,0.0435129926857237,Inf,-0.113430751295534,0.0571370457516128,"acquisition healthy",-0.04
"106","extinction","healthy",-0.04,-0.023847767565523,0.043862286861001,Inf,-0.109816270092649,0.0621207349616034,"extinction healthy",-0.04
"107","acquisition","ptsd",-0.04,-0.0598385387370858,0.0435787556799063,Inf,-0.145251330360772,0.0255742528866009,"acquisition ptsd",-0.04
"108","extinction","ptsd",-0.04,0.0103961618063255,0.0435865427670069,Inf,-0.0750318922276229,0.0958242158402738,"extinction ptsd",-0.04
"109","acquisition","healthy",-0.03,-0.0275537231223084,0.0434942277784905,Inf,-0.112800843103531,0.0576933968589145,"acquisition healthy",-0.03
"110","extinction","healthy",-0.03,-0.0217126328154201,0.0437912198050751,Inf,-0.107541846472444,0.0641165808416042,"extinction healthy",-0.03
"111","acquisition","ptsd",-0.03,-0.0592900559033764,0.0435445632622126,Inf,-0.144635831619839,0.0260557198130862,"acquisition ptsd",-0.03
"112","extinction","ptsd",-0.03,0.0107695920628319,0.0435570164959114,Inf,-0.0746005915431715,0.0961397756688352,"extinction ptsd",-0.03
"113","acquisition","healthy",-0.02,-0.0269605934726564,0.0434810045371222,Inf,-0.112181796377039,0.0582606094317259,"acquisition healthy",-0.02
"114","extinction","healthy",-0.02,-0.0195774980653173,0.0437272067133518,Inf,-0.105281248368025,0.0661262522373903,"extinction healthy",-0.02
"115","acquisition","ptsd",-0.02,-0.0587415730696671,0.0435169670620887,Inf,-0.144033261227777,0.0265501150884425,"acquisition ptsd",-0.02
"116","extinction","ptsd",-0.02,0.0111430223193383,0.043535372685465,Inf,-0.0741847401977018,0.0964707848363784,"extinction ptsd",-0.02
"117","acquisition","healthy",-0.01,-0.0263674638230043,0.0434733280184291,Inf,-0.111573621027221,0.0588386933812127,"acquisition healthy",-0.01
"118","extinction","healthy",-0.01,-0.0174423633152144,0.0436702786055245,Inf,-0.103034536576872,0.0681498099464436,"extinction healthy",-0.01
"119","acquisition","ptsd",-0.01,-0.0581930902359578,0.0434959796345272,Inf,-0.143443643791919,0.0270574633200031,"acquisition ptsd",-0.01
"120","extinction","ptsd",-0.01,0.0115164525758447,0.0435216230957879,Inf,-0.0737843612406262,0.0968172663923156,"extinction ptsd",-0.01
"121","acquisition","healthy",0,-0.0257743341733522,0.0434712011608751,Inf,-0.110976322813363,0.0594276544666588,"acquisition healthy",0
"122","extinction","healthy",0,-0.0153072285651116,0.0436204632209722,Inf,-0.100801765467171,0.0701873083369481,"extinction healthy",0
"123","acquisition","ptsd",0,-0.0576446074022484,0.0434816105491701,Inf,-0.142866998068419,0.0275777832639219,"acquisition ptsd",0
"124","extinction","ptsd",0,0.0118898828323511,0.0435157752098428,Inf,-0.0733994693382817,0.0971792350029839,"extinction ptsd",0
"125","acquisition","healthy",0.01,-0.0251812045237002,0.043474624778959,Inf,-0.110389903331852,0.060027494284452,"acquisition healthy",0.01
"126","extinction","healthy",0.01,-0.0131720938150087,0.0435777849521564,Inf,-0.0985829828472668,0.0722387952172494,"extinction healthy",0.01
"127","acquisition","ptsd",0.01,-0.0570961245685391,0.0434738663685485,Inf,-0.142303336919601,0.0281110877825231,"acquisition ptsd",0.01
"128","extinction","ptsd",0.01,0.0122633130888575,0.0435178322131006,Inf,-0.0730300707340767,0.0975566969117918,"extinction ptsd",0.01
"129","acquisition","healthy",0.02,-0.0245880748740481,0.0434835975616546,Inf,-0.109814360013125,0.0606382102650286,"acquisition healthy",0.02
"130","extinction","healthy",0.02,-0.0110369590649058,0.0435422647855704,Inf,-0.0963782298499304,0.0743043117201187,"extinction healthy",0.02
"131","acquisition","ptsd",0.02,-0.0565476417348298,0.0434727506331189,Inf,-0.141752667284634,0.028657383814974,"acquisition ptsd",0.02
"132","extinction","ptsd",0.02,0.012636743345364,0.0435277929848717,Inf,-0.0726761632314998,0.0979496499222278,"extinction ptsd",0.02
"133","acquisition","healthy",0.03,-0.0239949452243961,0.0434981160749204,Inf,-0.109249686126583,0.0612597956777907,"acquisition healthy",0.03
"134","extinction","healthy",0.03,-0.00890182431480298,0.0435139202505725,Inf,-0.0941875408320732,0.0763838922024673,"extinction healthy",0.03
"135","acquisition","ptsd",0.03,-0.0559991589011204,0.0434782638531769,Inf,-0.141214990163677,0.0292166723614359,"acquisition ptsd",0.03
"136","extinction","ptsd",0.03,0.0130101736018704,0.0435456521013565,Inf,-0.0723377362000993,0.0983580834038401,"extinction ptsd",0.03
"137","acquisition","healthy",0.04,-0.023401815574744,0.0435181747682646,Inf,-0.108695870793462,0.0618922396439743,"acquisition healthy",0.04
"138","extinction","healthy",0.04,-0.00676668956470013,0.0434927653763909,Inf,-0.0920109432904769,0.0784775641610766,"extinction healthy",0.04
"139","acquisition","ptsd",0.04,-0.0554506760674111,0.0434904035076914,Inf,-0.140690300615601,0.0297889484807784,"acquisition ptsd",0.04
"140","extinction","ptsd",0.04,0.0133836038583768,0.0435713998503969,Inf,-0.0720147706043949,0.0987819783211485,"extinction ptsd",0.04
"141","acquisition","healthy",0.05,-0.0228086859250919,0.0435437659853377,Inf,-0.108152899007594,0.0625355271574102,"acquisition healthy",0.05
"142","extinction","healthy",0.05,-0.00463155481459727,0.0434788106575435,Inf,-0.0898484577940188,0.0805853481648242,"extinction healthy",0.05
"143","acquisition","ptsd",0.05,-0.0549021932337018,0.0435091640500638,Inf,-0.140178587769272,0.0303742013018682,"acquisition ptsd",0.05
"144","extinction","ptsd",0.05,0.0137570341148832,0.0436050222578341,Inf,-0.0717072390555391,0.0992213072853055,"extinction ptsd",0.05
"145","acquisition","healthy",0.06,-0.0222155562754399,0.0435748799785053,Inf,-0.107620751663966,0.063189639113086,"acquisition healthy",0.06
"146","extinction","healthy",0.06,-0.00249642006449443,0.0434720630278733,Inf,-0.0877000979327813,0.0827072578037924,"extinction healthy",0.06
"147","acquisition","ptsd",0.06,-0.0543537103999925,0.0435345369207843,Inf,-0.139679834848359,0.030972414048374,"acquisition ptsd",0.06
"148","extinction","ptsd",0.06,0.0141304643713896,0.043646501125308,Inf,-0.071415105885401,0.0996760346281803,"extinction ptsd",0.06
"149","acquisition","healthy",0.07,-0.0216224266257878,0.0436115049273365,Inf,-0.107099405594958,0.0638545523433827,"acquisition healthy",0.07
"150","extinction","healthy",0.07,-0.000361285314391572,0.043472525843346,Inf,-0.0855658702843365,0.0848432996555533,"extinction healthy",0.07
"151","acquisition","ptsd",0.07,-0.0538052275662831,0.0435665105669149,Inf,-0.13919401920952,0.0315835640769538,"acquisition ptsd",0.07
"152","extinction","ptsd",0.07,0.014503894627896,0.043695814079258,Inf,-0.0711383272426078,0.1001461164984,"extinction ptsd",0.07
"153","acquisition","healthy",0.08,-0.0210292969761358,0.0436536269609261,Inf,-0.106588833614098,0.0645302396618261,"acquisition healthy",0.08
"154","extinction","healthy",0.08,0.00177384943571128,0.0434801988737117,Inf,-0.0834457743974027,0.0869934732688253,"extinction healthy",0.08
"155","acquisition","ptsd",0.08,-0.0532567447325738,0.0436050704682987,Inf,-0.13872111239377,0.0322076229286228,"acquisition ptsd",0.08
"156","extinction","ptsd",0.08,0.0148773248844025,0.0437529346308211,Inf,-0.0708768512099421,0.100631500978747,"extinction ptsd",0.08
"157","acquisition","healthy",0.09,-0.0204361673264837,0.0437012301839543,Inf,-0.106089004567129,0.0652166699141614,"acquisition healthy",0.09
"158","extinction","healthy",0.09,0.00390898418581414,0.0434950783030769,Inf,-0.0813398027929661,0.0891577711645944,"extinction healthy",0.09
"159","acquisition","ptsd",0.09,-0.0527082618988645,0.0436501991703554,Inf,-0.138261080190761,0.0328445563930322,"acquisition ptsd",0.09
"160","extinction","ptsd",0.09,0.0152507551409089,0.0438178322462554,Inf,-0.0706306179423696,0.101132128224187,"extinction ptsd",0.09
"161","acquisition","healthy",0.1,-0.0198430376768317,0.0437542967063679,Inf,-0.105599883390192,0.065913808036529,"acquisition healthy",0.1
"162","extinction","healthy",0.1,0.006044118935917,0.0435171567393849,Inf,-0.0792479409828619,0.0913361788546959,"extinction healthy",0.1
"163","acquisition","ptsd",0.1,-0.0521597790651551,0.0437018763232919,Inf,-0.137813882715631,0.0334943245853207,"acquisition ptsd",0.1
"164","extinction","ptsd",0.1,0.0156241853974153,0.0438904724274566,Inf,-0.0703995598248478,0.101647930619678,"extinction ptsd",0.1
"165","acquisition","healthy",0.11,-0.0192499080271796,0.0438128066765582,Inf,-0.10512143117485,0.0666216151204904,"acquisition healthy",0.11
"166","extinction","healthy",0.11,0.00817925368601985,0.0435464232327493,Inf,-0.0771701675057071,0.0935286748777468,"extinction healthy",0.11
"167","acquisition","ptsd",0.11,-0.0516112962314458,0.0437600787275243,Inf,-0.137379474498031,0.0341568820351391,"acquisition ptsd",0.11
"168","extinction","ptsd",0.11,0.0159976156539217,0.0439708168020782,Inf,-0.0701836016489603,0.102178832956804,"extinction ptsd",0.11
"169","acquisition","healthy",0.12,-0.0186567783775275,0.0438767383178911,Inf,-0.104653605239683,0.0673400484846276,"acquisition healthy",0.12
"170","extinction","healthy",0.12,0.0103143884361227,0.0435828633025344,Inf,-0.0751064539799771,0.0957352308522225,"extinction healthy",0.12
"171","acquisition","ptsd",0.12,-0.0510628133977365,0.0438247803850761,Inf,-0.136957804582863,0.0348321777873901,"acquisition ptsd",0.12
"172","extinction","ptsd",0.12,0.0163710459104281,0.0440588232227188,Inf,-0.0699826608073176,0.102724752628174,"extinction ptsd",0.12
"173","acquisition","healthy",0.13,-0.0180636487278755,0.0439460679684382,Inf,-0.104196359208164,0.0680690617524126,"acquisition healthy",0.13
"174","extinction","healthy",0.13,0.0124495231862256,0.043626458973027,Inf,-0.0730567651739216,0.0979558115463727,"extinction healthy",0.13
"175","acquisition","ptsd",0.13,-0.0505143305640272,0.0438959525566925,Inf,-0.136548816642223,0.035520155514169,"acquisition ptsd",0.13
"176","extinction","ptsd",0.13,0.0167444761669345,0.0441544458745878,Inf,-0.0697966475045807,0.10328559983845,"extinction ptsd",0.13
"177","acquisition","healthy",0.14,-0.0174705190782234,0.0440207701237398,Inf,-0.10374964309247,0.0688086049360233,"acquisition healthy",0.14
"178","extinction","healthy",0.14,0.0145846579363284,0.0436771888174954,Inf,-0.0710210590919181,0.100190374964575,"extinction healthy",0.14
"179","acquisition","ptsd",0.14,-0.0499658477303178,0.0439735638243803,Inf,-0.136152449097977,0.0362207536373409,"acquisition ptsd",0.14
"180","extinction","ptsd",0.14,0.017117906423441,0.0442576353910292,Inf,-0.0696254649838815,0.103861277830763,"extinction ptsd",0.14
"181","acquisition","healthy",0.15,-0.0168773894285714,0.0441008174824271,Inf,-0.103313403382903,0.0695586245257601,"acquisition healthy",0.15
"182","extinction","healthy",0.15,0.0167197926864313,0.0437350280103856,Inf,-0.0689992870767751,0.102438872449638,"extinction healthy",0.15
"183","acquisition","ptsd",0.15,-0.0494173648966085,0.0440575801590658,Inf,-0.135768635254364,0.036933905461147,"acquisition ptsd",0.15
"184","extinction","ptsd",0.15,0.0174913366799474,0.0443683389762443,Inf,-0.0694690097673561,0.104451683127251,"extinction ptsd",0.15
"185","acquisition","healthy",0.16,-0.0162842597789193,0.044186180994517,Inf,-0.102887583142541,0.0703190635847022,"acquisition healthy",0.16
"186","extinction","healthy",0.16,0.0188549274365341,0.0437999483873603,Inf,-0.0669913939274052,0.104701248800473,"extinction healthy",0.16
"187","acquisition","ptsd",0.16,-0.0488688820628992,0.0441479649930366,Inf,-0.135397303439986,0.0376595393141877,"acquisition ptsd",0.16
"188","extinction","ptsd",0.16,0.0178647669364538,0.0444865005345308,Inf,-0.0693271719094485,0.105056705782356,"extinction ptsd",0.16
"189","acquisition","healthy",0.17,-0.0156911301292672,0.044276829912187,Inf,-0.10247212210676,0.0710898618482251,"acquisition healthy",0.17
"190","extinction","healthy",0.17,0.020990062186637,0.0438719185128456,Inf,-0.0649973180312164,0.10697744240449,"extinction healthy",0.17
"191","acquisition","ptsd",0.17,-0.0483203992291898,0.0442446792968202,Inf,-0.135038377158482,0.0383975787001027,"acquisition ptsd",0.17
"192","extinction","ptsd",0.17,0.0182381971929602,0.0446120608053357,Inf,-0.0691998352616086,0.105676229647529,"extinction ptsd",0.17
"193","acquisition","healthy",0.18,-0.0150980004796152,0.0443727318428325,Inf,-0.10206695678722,0.0718709558279901,"acquisition healthy",0.18
"194","extinction","healthy",0.18,0.0231251969367398,0.0439509037547152,Inf,-0.0630169915104882,0.109267385383968,"extinction healthy",0.18
"195","acquisition","ptsd",0.18,-0.0477719163954805,0.044347681660136,Inf,-0.134691775247195,0.0391479424562336,"acquisition ptsd",0.18
"196","extinction","ptsd",0.18,0.0186116274494666,0.0447449575034034,Inf,-0.0690868777469793,0.106310132645913,"extinction ptsd",0.18
"197","acquisition","healthy",0.19,-0.0145048708299631,0.0444738528042013,Inf,-0.101672020579933,0.072662278920007,"acquisition healthy",0.19
"198","extinction","healthy",0.19,0.0252603316868427,0.0440368663657037,Inf,-0.0610503403819398,0.111571003755625,"extinction healthy",0.19
"199","acquisition","ptsd",0.19,-0.0472234335617712,0.0444569283765452,Inf,-0.134357412043077,0.0399105449195342,"acquisition ptsd",0.19
"200","extinction","ptsd",0.19,0.0189850577059731,0.0448851254632986,Inf,-0.0689881716436538,0.1069582870556,"extinction ptsd",0.19
"201","acquisition","healthy",0.2,-0.0139117411803111,0.0445801572813989,Inf,-0.101287243876984,0.0734637615163617,"acquisition healthy",0.2
"202","extinction","healthy",0.2,0.0273954664369455,0.0441297655711152,Inf,-0.059097284728636,0.113888217602527,"extinction healthy",0.2
"203","acquisition","ptsd",0.2,-0.0466749507280618,0.044572373531415,Inf,-0.134035197555102,0.040685296098978,"acquisition ptsd",0.2
"204","extinction","ptsd",0.2,0.0193584879624795,0.0450324967875754,Inf,-0.0689035838750839,0.107620559800043,"extinction ptsd",0.2
"205","acquisition","healthy",0.21,-0.013318611530659,0.0446916082855542,Inf,-0.100912554181517,0.074275331120199,"acquisition healthy",0.21
"206","extinction","healthy",0.21,0.0295306011870484,0.0442295576623649,Inf,-0.0571577388833244,0.116218941257421,"extinction healthy",0.21
"207","acquisition","ptsd",0.21,-0.0461264678943525,0.0446939690928085,Inf,-0.133725037642403,0.0414721018536983,"acquisition ptsd",0.21
"208","extinction","ptsd",0.21,0.0197319182189859,0.0451870009978774,Inf,-0.0688329763062293,0.108296812744201,"extinction ptsd",0.21
"209","acquisition","healthy",0.22,-0.0127254818810069,0.044808167413935,Inf,-0.100547876225561,0.0750969124635469,"acquisition healthy",0.22
"210","extinction","healthy",0.22,0.0316657359371512,0.0443361960958704,Inf,-0.0552316116222601,0.118563083496563,"extinction healthy",0.22
"211","acquisition","ptsd",0.22,-0.0455779850606432,0.0448216650049065,Inf,-0.133426834197379,0.0422708640760927,"acquisition ptsd",0.22
"212","extinction","ptsd",0.22,0.0201053484754923,0.0453485651882573,Inf,-0.0687762060440589,0.108986902995044,"extinction ptsd",0.22
"213","acquisition","healthy",0.23,-0.0121323522313549,0.0449297949113024,Inf,-0.100193132090279,0.0759284276275689,"acquisition healthy",0.23
"214","extinction","healthy",0.23,0.0338008706872541,0.044449631596793,Inf,-0.0533188063685338,0.120920547743042,"extinction healthy",0.23
"215","acquisition","ptsd",0.23,-0.0450295022269339,0.0449554092835713,Inf,-0.133140485332991,0.0430814808791234,"acquisition ptsd",0.23
"216","extinction","ptsd",0.23,0.0204787787319987,0.0455171141800239,Inf,-0.0687331257410455,0.109690683205043,"extinction ptsd",0.23
"217","acquisition","healthy",0.24,-0.0115392225817028,0.045056449732295,Inf,-0.0998482413282404,0.0767697961648348,"acquisition healthy",0.24
"218","extinction","healthy",0.24,0.035936005437357,0.0445698122671152,Inf,-0.0514192214039004,0.123291232278614,"extinction healthy",0.24
"219","acquisition","ptsd",0.24,-0.0444810193932245,0.0450951481136604,Inf,-0.132865885573498,0.0439038467870491,"acquisition ptsd",0.24
"220","extinction","ptsd",0.24,0.0208522089885051,0.045692570677445,Inf,-0.0687035839003379,0.110408001877348,"extinction ptsd",0.24
"221","acquisition","healthy",0.25,-0.0109460929320508,0.045188089604636,Inf,-0.0995131210873061,0.0776209352232046,"acquisition healthy",0.25
"222","extinction","healthy",0.25,0.0380711401874598,0.0446966836975329,Inf,-0.0495327500880833,0.125675030463003,"extinction healthy",0.25
"223","acquisition","ptsd",0.25,-0.0439325365595152,0.0452408259477072,Inf,-0.132602926047866,0.0447378529288361,"acquisition ptsd",0.25
"224","extinction","ptsd",0.25,0.0212256392450116,0.0458748554236581,Inf,-0.0686874251813402,0.111138703671363,"extinction ptsd",0.25
"225","acquisition","healthy",0.26,-0.0103529632823987,0.0453246710929606,Inf,-0.0991876862357251,0.0784817596709277,"acquisition healthy",0.26
"226","extinction","healthy",0.26,0.0402062749375627,0.0448301890826355,Inf,-0.0476592810845236,0.128071830959649,"extinction healthy",0.26
"227","acquisition","ptsd",0.26,-0.0433840537258059,0.0453923856055916,Inf,-0.13235149468512,0.045583387233508,"acquisition ptsd",0.26
"228","extinction","ptsd",0.26,0.021599069501518,0.0460638873561711,Inf,-0.0686844907044873,0.111882629707523,"extinction ptsd",0.26
"229","acquisition","healthy",0.27,-0.00975983363274664,0.0454661496630643,Inf,-0.0988718494880605,0.0793521822225672,"acquisition healthy",0.27
"230","extinction","healthy",0.27,0.0423414096876655,0.044970269338848,Inf,-0.0457986985915424,0.130481517966873,"extinction healthy",0.27
"231","acquisition","ptsd",0.27,-0.0428355708920965,0.0455497683748328,Inf,-0.13211147641091,0.0464403346267172,"acquisition ptsd",0.27
"232","extinction","ptsd",0.27,0.0219724997580244,0.0462595837613652,Inf,-0.0686946183540653,0.112639617870114,"extinction ptsd",0.27
"233","acquisition","healthy",0.28,-0.00916670398309459,0.0456124797463799,Inf,-0.0985655215315619,0.0802321135653727,"acquisition healthy",0.28
"234","extinction","healthy",0.28,0.0444765444377684,0.045116863224612,Inf,-0.0439508825778908,0.132903971453427,"extinction healthy",0.28
"235","acquisition","ptsd",0.28,-0.0422870880583872,0.0457129141111494,Inf,-0.131882753344613,0.0473085772278383,"acquisition ptsd",0.28
"236","extinction","ptsd",0.28,0.0223459300145308,0.0464618604274492,Inf,-0.0687176430779963,0.113409503107058,"extinction ptsd",0.28
"237","acquisition","healthy",0.29,-0.00857357433344253,0.0457636148044965,Inf,-0.0982686111526197,0.0811214624857347,"acquisition healthy",0.29
"238","extinction","healthy",0.29,0.0466116791878712,0.0452699074622899,Inf,-0.042115709021678,0.13533906739742,"extinction healthy",0.29
"239","acquisition","ptsd",0.29,-0.0417386052246779,0.0458817613389453,Inf,-0.131665204996273,0.0481879945469171,"acquisition ptsd",0.29
"240","extinction","ptsd",0.29,0.0227193602710372,0.0466706317953489,Inf,-0.0687533971835765,0.114192117725651,"extinction ptsd",0.29
"241","acquisition","healthy",0.3,-0.00798044468379047,0.0459195073935404,Inf,-0.0979810253629503,0.0820201359953694,"acquisition healthy",0.3
"242","extinction","healthy",0.3,0.0487468139379741,0.0454293368612879,Inf,-0.0402930501516881,0.137786678027636,"extinction healthy",0.3
"243","acquisition","ptsd",0.3,-0.0411901223909686,0.0460562473513937,Inf,-0.131458708462768,0.0490784636808313,"acquisition ptsd",0.3
"244","extinction","ptsd",0.3,0.0230927905275436,0.0468858111070562,Inf,-0.0688017106282345,0.114987291683322,"extinction ptsd",0.3
"245","acquisition","healthy",0.31,-0.0073873150341384,0.0460801092282467,Inf,-0.0977026695251736,0.0829280394568968,"acquisition healthy",0.31
"246","extinction","healthy",0.31,0.0508819486880769,0.0455950844419065,Inf,-0.0384827746901224,0.140246672066276,"extinction healthy",0.31
"247","acquisition","ptsd",0.31,-0.0406416395572592,0.0462363083098099,Inf,-0.131263138622577,0.0499798595080582,"acquisition ptsd",0.31
"248","extinction","ptsd",0.31,0.0234662207840501,0.0471073105509998,Inf,-0.0688624113044532,0.115794852872553,"extinction ptsd",0.31
"249","acquisition","healthy",0.32,-0.00679418538448635,0.0462453712455585,Inf,-0.0974334474774653,0.0838450767084926,"acquisition healthy",0.32
"250","extinction","healthy",0.32,0.0530170834381798,0.0457670815594455,Inf,-0.0366847480958407,0.1427189149722,"extinction healthy",0.32
"251","acquisition","ptsd",0.32,-0.0400931567235499,0.0464218793420198,Inf,-0.131078368328573,0.0508920548814728,"acquisition ptsd",0.32
"252","extinction","ptsd",0.32,0.0238396510405565,0.0473350414040421,Inf,-0.0689353253180782,0.116614627399191,"extinction ptsd",0.32
"253","acquisition","healthy",0.33,-0.00620105573483429,0.0464152436675989,Inf,-0.097173261656979,0.0847711501873104,"acquisition healthy",0.33
"254","extinction","healthy",0.33,0.0551522181882826,0.045945258028108,Inf,-0.0348988328072088,0.145203269183774,"extinction healthy",0.33
"255","acquisition","ptsd",0.33,-0.0395446738898406,0.0466128946394504,Inf,-0.130904268598323,0.0518149208186423,"acquisition ptsd",0.33
"256","extinction","ptsd",0.33,0.0242130812970629,0.0475689141697461,Inf,-0.0690202772593166,0.117446439853442,"extinction ptsd",0.33
"257","acquisition","healthy",0.34,-0.00560792608518223,0.0465896760638694,Inf,-0.0969220132217541,0.0857061610513896,"acquisition healthy",0.34
"258","extinction","healthy",0.34,0.0572873529383855,0.0461295422442716,Inf,-0.0331248884837058,0.147699594360477,"extinction healthy",0.34
"259","acquisition","ptsd",0.34,-0.0389961910561312,0.0468092875526873,Inf,-0.130740708801377,0.052748326689115,"acquisition ptsd",0.34
"260","extinction","ptsd",0.34,0.0245865115535693,0.0478088387125983,Inf,-0.0691170904658075,0.118290113572946,"extinction ptsd",0.34
"261","acquisition","healthy",0.35,-0.00501479643553017,0.0467686174125412,Inf,-0.0966796021708437,0.0866500092997834,"acquisition healthy",0.35
"262","extinction","healthy",0.35,0.0594224876884883,0.0463198613087171,Inf,-0.0313627722454875,0.150207747622464,"extinction healthy",0.35
"263","acquisition","ptsd",0.35,-0.0384477082224219,0.0470109906852648,Inf,-0.130587556843089,0.0536921403982449,"acquisition ptsd",0.35
"264","extinction","ptsd",0.35,0.0249599418100757,0.0480547243879106,Inf,-0.0692255872772277,0.119145470897379,"extinction ptsd",0.35
"265","acquisition","healthy",0.36,-0.00442166678587811,0.046952016160711,Inf,-0.0964459274624143,0.0876025938906581,"acquisition healthy",0.36
"266","extinction","healthy",0.36,0.0615576224385912,0.0465161411474305,Inf,-0.0296123389101541,0.152727583787337,"extinction healthy",0.36
"267","acquisition","ptsd",0.36,-0.0378992253887126,0.0472179359854721,Inf,-0.130444679344556,0.0546462285671305,"acquisition ptsd",0.36
"268","extinction","ptsd",0.36,0.0253333720665821,0.0483064801671694,Inf,-0.0693455892809682,0.120012333414133,"extinction ptsd",0.36
"269","acquisition","healthy",0.37,-0.00382853713622604,0.0471398202835071,Inf,-0.0962208871295907,0.0885638128571386,"acquisition healthy",0.37
"270","extinction","healthy",0.37,0.0636927571886941,0.0467183066306206,Inf,-0.0278734412260212,0.155258955603409,"extinction healthy",0.37
"271","acquisition","ptsd",0.37,-0.0373507425550032,0.0474300548359839,Inf,-0.130311941818292,0.055610456708285,"acquisition ptsd",0.37
"272","extinction","ptsd",0.37,0.0257068023230886,0.0485640147586303,Inf,-0.0694769175484985,0.120890522194676,"extinction ptsd",0.37
"273","acquisition","healthy",0.38,-0.00323540748657399,0.0473319773419375,Inf,-0.0960043783938374,0.0895335634206894,"acquisition healthy",0.38
"274","extinction","healthy",0.38,0.0658278919387969,0.046926281689623,Inf,-0.0261459301012455,0.157801713978839,"extinction healthy",0.38
"275","acquisition","ptsd",0.38,-0.0368022597212939,0.0476472781411379,Inf,-0.130189208839287,0.0565846893966988,"acquisition ptsd",0.38
"276","extinction","ptsd",0.38,0.026080232579595,0.0488272367230018,Inf,-0.0696193928621001,0.12177985802129,"extinction ptsd",0.38
"277","acquisition","healthy",0.39,-0.00264227783692193,0.0475284345393858,Inf,-0.0957962977756876,0.0905117421018438,"acquisition healthy",0.39
"278","extinction","healthy",0.39,0.0679630266888998,0.0471399894313854,Inf,-0.0244296548282145,0.160355708206014,"extinction healthy",0.39
"279","acquisition","ptsd",0.39,-0.0362537768875846,0.0478695364117063,Inf,-0.130076344211158,0.0575687904359885,"acquisition ptsd",0.39
"280","extinction","ptsd",0.39,0.0264536628361014,0.0490960545840897,Inf,-0.069772835931727,0.12268016160393,"extinction ptsd",0.39
"281","acquisition","healthy",0.4,-0.00204914818726987,0.047729138776667,Inf,-0.0955965412026512,0.0914982448281115,"acquisition healthy",0.4
"282","extinction","healthy",0.4,0.0700981614390026,0.0473593522502636,Inf,-0.0227244633026601,0.162920786180665,"extinction healthy",0.4
"283","acquisition","ptsd",0.4,-0.0357052940538753,0.0480967598470272,Inf,-0.129973211127121,0.0585626230193703,"acquisition ptsd",0.4
"284","extinction","ptsd",0.4,0.0268270930926078,0.0493703769343118,Inf,-0.0699370676018103,0.123591253787026,"extinction ptsd",0.4
"285","acquisition","healthy",0.41,-0.00145601853761781,0.047934036705567,Inf,-0.0954050041141501,0.0924929670389144,"acquisition healthy",0.41
"286","extinction","healthy",0.41,0.0722332961891055,0.0475842919368788,Inf,-0.0210302022370166,0.165496794615228,"extinction healthy",0.41
"287","acquisition","ptsd",0.41,-0.0351568112201659,0.0483288784143783,Inf,-0.129879672325563,0.0595660498852307,"acquisition ptsd",0.41
"288","extinction","ptsd",0.41,0.0272005233491142,0.0496501125350225,Inf,-0.0701119090478906,0.124512955746119,"extinction ptsd",0.41
"289","acquisition","healthy",0.42,-0.000862888887965755,0.0481430747807991,Inf,-0.0952215815633504,0.0934958037874189,"acquisition healthy",0.42
"290","extinction","healthy",0.42,0.0743684309392083,0.0478147297838207,Inf,-0.019346717367595,0.168083579246012,"extinction healthy",0.42
"291","acquisition","ptsd",0.42,-0.0346083283864566,0.0485658219254973,Inf,-0.129795590240017,0.0605789334671037,"acquisition ptsd",0.42
"292","extinction","ptsd",0.42,0.0275739536056206,0.049935170411615,Inf,-0.0702971819630149,0.125445089174256,"extinction ptsd",0.42
"293","acquisition","healthy",0.43,-0.000269759238313692,0.0483561993103184,Inf,-0.0950461683157783,0.0945066498391509,"acquisition healthy",0.43
"294","extinction","healthy",0.43,0.0765035656893112,0.0480505866880064,Inf,-0.0176738536552011,0.170680985033823,"extinction healthy",0.43
"295","acquisition","ptsd",0.43,-0.0340598455527473,0.0488075201101703,Inf,-0.129720827143395,0.0616011360379009,"acquisition ptsd",0.43
"296","extinction","ptsd",0.43,0.0279473838621271,0.0502254599433985,Inf,-0.070492708733893,0.126387476458147,"extinction ptsd",0.43
"297","acquisition","healthy",0.44,0.000323370411338365,0.0485733565039469,Inf,-0.0948786589446219,0.0955253997672986,"acquisition healthy",0.44
"298","extinction","healthy",0.44,0.078638700439414,0.0482917832495299,Inf,-0.0160114554788791,0.173288856357707,"extinction healthy",0.44
"299","acquisition","ptsd",0.44,-0.0335113627190379,0.0490539026868246,Inf,-0.129655245286347,0.0626325198482708,"acquisition ptsd",0.44
"300","extinction","ptsd",0.44,0.0283208141186335,0.0505208909482708,Inf,-0.0706983126068529,0.12733994084412,"extinction ptsd",0.44
"301","acquisition","healthy",0.45,0.000916500060990428,0.0487944925202677,Inf,-0.0947189479226433,0.0965519480446241,"acquisition healthy",0.45
"302","extinction","healthy",0.45,0.0807738351895169,0.0485382398668685,Inf,-0.0143593668225116,0.175907037201545,"extinction healthy",0.45
"303","acquisition","ptsd",0.45,-0.0329628798853286,0.0493048994300814,Inf,-0.129598707029658,0.0636729472590004,"acquisition ptsd",0.45
"304","extinction","ptsd",0.45,0.0286942443751399,0.050821373762232,Inf,-0.0709138178436836,0.128302306593963,"extinction ptsd",0.45
"305","acquisition","healthy",0.46,0.00150962971064249,0.0490195535117575,Inf,-0.0945669297106361,0.0975861891319211,"acquisition healthy",0.46
"306","extinction","healthy",0.46,0.0829089699396197,0.0487898768283328,Inf,-0.0127174314540579,0.178535371333297,"extinction healthy",0.46
"307","acquisition","ptsd",0.46,-0.0324143970516193,0.0495604402352385,Inf,-0.129551074970636,0.0647222808673979,"acquisition ptsd",0.46
"308","extinction","ptsd",0.46,0.0290676746316463,0.0511268193138019,Inf,-0.0711390498674923,0.129274399130785,"extinction ptsd",0.46
"309","acquisition","healthy",0.47,0.00210275936029454,0.0492484856681331,Inf,-0.0944224988423834,0.0986280175629724,"acquisition healthy",0.47
"310","extinction","healthy",0.47,0.0850441046897226,0.0490466143996733,Inf,-0.0110854930972607,0.181173702476706,"extinction healthy",0.47
"311","acquisition","ptsd",0.47,-0.03186591421791,0.0498204551796654,Inf,-0.129512212063446,0.0657803836276263,"acquisition ptsd",0.47
"312","extinction","ptsd",0.47,0.0294411048881527,0.0514371391934279,Inf,-0.0713738353987396,0.130256045175045,"extinction ptsd",0.47
"313","acquisition","healthy",0.48,0.00269588900994661,0.0494812352578958,Inf,-0.0942855500060825,0.0996773280259757,"acquisition healthy",0.48
"314","extinction","healthy",0.48,0.0871792394398254,0.0493083729077804,Inf,-0.00946339559569474,0.183821874475346,"extinction healthy",0.48
"315","acquisition","ptsd",0.48,-0.0313174313842006,0.0500848745811115,Inf,-0.129481981733385,0.0668471189649836,"acquisition ptsd",0.48
"316","extinction","ptsd",0.48,0.0298145351446592,0.0517522457179808,Inf,-0.0716180025816504,0.131247072870969,"extinction ptsd",0.48
"317","acquisition","healthy",0.49,0.00328901865959867,0.0497177486680642,Inf,-0.0941559781222213,0.100734015441419,"acquisition healthy",0.49
"318","extinction","healthy",0.49,0.0893143741899283,0.0495750728204343,Inf,-0.00785098306907339,0.18647973144893,"extinction healthy",0.49
"319","acquisition","ptsd",0.49,-0.0307689485504913,0.0503536290529343,Inf,-0.129460247985132,0.0679223508841495,"acquisition ptsd",0.49
"320","extinction","ptsd",0.49,0.0301879654011656,0.0520720519904556,Inf,-0.0718713811012245,0.132247311903556,"extinction ptsd",0.49
"321","acquisition","healthy",0.5,0.00388214830925072,0.049957972442094,Inf,-0.0940336784178981,0.1017979750364,"acquisition healthy",0.5
"322","extinction","healthy",0.5,0.0914495089400311,0.0498466348220832,Inf,-0.00624810006177211,0.189147117941834,"extinction healthy",0.5
"323","acquisition","ptsd",0.5,-0.030220465716782,0.0506266495562717,Inf,-0.129446875505005,0.0690059440714413,"acquisition ptsd",0.5
"324","extinction","ptsd",0.5,0.030561395657672,0.052396471955003,Inf,-0.0721338022910968,0.133256593606441,"extinction ptsd",0.5
